<?xml version="1.0" encoding="utf-8"?>
<prefix name="fgift" label="Favorite Gift" language_tag="en" language_label="English"><key name="admin_plugin_required_notification"><value>Favorite Gift requires for &lt;a href="{$pluginUrl}" target="_blank"&gt;Virtual Gifts&lt;/a&gt; plugin</value></key><key name="auth_action_label_add_gift"><value>Show gift on avatar</value></key><key name="auth_action_label_view_gift"><value>View favorite gift</value></key><key name="auth_group_label"><value>Favorite Gift</value></key><key name="set_gift_label"><value>Show on avatar</value></key><key name="set_gift_message"><value>Gift was shown on your avatar</value></key><key name="unset_gift_label"><value>Remove from avatar</value></key><key name="unset_gift_message"><value>Gift was hidden from your avatar</value></key><key name="usercredits_action_add_fgift"><value>Show gift on avatar</value></key></prefix>
